Nom inconnu - N/A | Vélos : 0 | Bornes : 0 | Adresse inconnue
Nom inconnu - N/A | Vélos : 0 | Bornes : 0 | Adresse inconnue
Nom inconnu - N/A | Vélos : 0 | Bornes : 0 | Adresse inconnue
Nom inconnu - N/A | Vélos : 0 | Bornes : 0 | Adresse inconnue
Nom inconnu - N/A | Vélos : 0 | Bornes : 0 | Adresse inconnue
Nom inconnu - N/A | Vélos : 0 | Bornes : 0 | Adresse inconnue
Nom inconnu - N/A | Vélos : 0 | Bornes : 0 | Adresse inconnue
Nom inconnu - N/A | Vélos : 0 | Bornes : 0 | Adresse inconnue
Nom inconnu - N/A | Vélos : 0 | Bornes : 0 | Adresse inconnue
Nom inconnu - N/A | Vélos : 0 | Bornes : 0 | Adresse inconnue
Nom inconnu - N/A | Vélos : 0 | Bornes : 0 | Adresse inconnue
Nom inconnu - N/A | Vélos : 0 | Bornes : 0 | Adresse inconnue
Nom inconnu - N/A | Vélos : 0 | Bornes : 0 | Adresse inconnue
Nom inconnu - N/A | Vélos : 0 | Bornes : 0 | Adresse inconnue
Nom inconnu - N/A | Vélos : 0 | Bornes : 0 | Adresse inconnue
Nom inconnu - N/A | Vélos : 0 | Bornes : 0 | Adresse inconnue
Nom inconnu - N/A | Vélos : 0 | Bornes : 0 | Adresse inconnue
Nom inconnu - N/A | Vélos : 0 | Bornes : 0 | Adresse inconnue
Nom inconnu - N/A | Vélos : 0 | Bornes : 0 | Adresse inconnue
Nom inconnu - N/A | Vélos : 0 | Bornes : 0 | Adresse inconnue
Nom inconnu - N/A | Vélos : 0 | Bornes : 0 | Adresse inconnue
Nom inconnu - N/A | Vélos : 0 | Bornes : 0 | Adresse inconnue
Nom inconnu - N/A | Vélos : 0 | Bornes : 0 | Adresse inconnue
Nom inconnu - N/A | Vélos : 0 | Bornes : 0 | Adresse inconnue
Nom inconnu - N/A | Vélos : 0 | Bornes : 0 | Adresse inconnue
Nom inconnu - N/A | Vélos : 0 | Bornes : 0 | Adresse inconnue
Nom inconnu - N/A | Vélos : 0 | Bornes : 0 | Adresse inconnue
Nom inconnu - N/A | Vélos : 0 | Bornes : 0 | Adresse inconnue
Nom inconnu - N/A | Vélos : 0 | Bornes : 0 | Adresse inconnue
Nom inconnu - N/A | Vélos : 0 | Bornes : 0 | Adresse inconnue
Nom inconnu - N/A | Vélos : 0 | Bornes : 0 | Adresse inconnue
Nom inconnu - N/A | Vélos : 0 | Bornes : 0 | Adresse inconnue
Nom inconnu - N/A | Vélos : 0 | Bornes : 0 | Adresse inconnue
Nom inconnu - N/A | Vélos : 0 | Bornes : 0 | Adresse inconnue
Nom inconnu - N/A | Vélos : 0 | Bornes : 0 | Adresse inconnue
Nom inconnu - N/A | Vélos : 0 | Bornes : 0 | Adresse inconnue
Nom inconnu - N/A | Vélos : 0 | Bornes : 0 | Adresse inconnue
Nom inconnu - N/A | Vélos : 0 | Bornes : 0 | Adresse inconnue
Nom inconnu - N/A | Vélos : 0 | Bornes : 0 | Adresse inconnue
Nom inconnu - N/A | Vélos : 0 | Bornes : 0 | Adresse inconnue
Nom inconnu - N/A | Vélos : 0 | Bornes : 0 | Adresse inconnue
Nom inconnu - N/A | Vélos : 0 | Bornes : 0 | Adresse inconnue
Nom inconnu - N/A | Vélos : 0 | Bornes : 0 | Adresse inconnue
Nom inconnu - N/A | Vélos : 0 | Bornes : 0 | Adresse inconnue
Nom inconnu - N/A | Vélos : 0 | Bornes : 0 | Adresse inconnue
Nom inconnu - N/A | Vélos : 0 | Bornes : 0 | Adresse inconnue
Nom inconnu - N/A | Vélos : 0 | Bornes : 0 | Adresse inconnue
Nom inconnu - N/A | Vélos : 0 | Bornes : 0 | Adresse inconnue
Nom inconnu - N/A | Vélos : 0 | Bornes : 0 | Adresse inconnue
Nom inconnu - N/A | Vélos : 0 | Bornes : 0 | Adresse inconnue
Nom inconnu - N/A | Vélos : 0 | Bornes : 0 | Adresse inconnue
Nom inconnu - N/A | Vélos : 0 | Bornes : 0 | Adresse inconnue
Nom inconnu - N/A | Vélos : 0 | Bornes : 0 | Adresse inconnue
Nom inconnu - N/A | Vélos : 0 | Bornes : 0 | Adresse inconnue
Nom inconnu - N/A | Vélos : 0 | Bornes : 0 | Adresse inconnue
Nom inconnu - N/A | Vélos : 0 | Bornes : 0 | Adresse inconnue
Nom inconnu - N/A | Vélos : 0 | Bornes : 0 | Adresse inconnue
Nom inconnu - N/A | Vélos : 0 | Bornes : 0 | Adresse inconnue
Nom inconnu - N/A | Vélos : 0 | Bornes : 0 | Adresse inconnue
Nom inconnu - N/A | Vélos : 0 | Bornes : 0 | Adresse inconnue
Nom inconnu - N/A | Vélos : 0 | Bornes : 0 | Adresse inconnue
Nom inconnu - N/A | Vélos : 0 | Bornes : 0 | Adresse inconnue
Nom inconnu - N/A | Vélos : 0 | Bornes : 0 | Adresse inconnue
Nom inconnu - N/A | Vélos : 0 | Bornes : 0 | Adresse inconnue
Nom inconnu - N/A | Vélos : 0 | Bornes : 0 | Adresse inconnue
Nom inconnu - N/A | Vélos : 0 | Bornes : 0 | Adresse inconnue
Nom inconnu - N/A | Vélos : 0 | Bornes : 0 | Adresse inconnue
Nom inconnu - N/A | Vélos : 0 | Bornes : 0 | Adresse inconnue
Nom inconnu - N/A | Vélos : 0 | Bornes : 0 | Adresse inconnue
Nom inconnu - N/A | Vélos : 0 | Bornes : 0 | Adresse inconnue
Nom inconnu - N/A | Vélos : 0 | Bornes : 0 | Adresse inconnue
Nom inconnu - N/A | Vélos : 0 | Bornes : 0 | Adresse inconnue
Nom inconnu - N/A | Vélos : 0 | Bornes : 0 | Adresse inconnue
Nom inconnu - N/A | Vélos : 0 | Bornes : 0 | Adresse inconnue
Nom inconnu - N/A | Vélos : 0 | Bornes : 0 | Adresse inconnue
Nom inconnu - N/A | Vélos : 0 | Bornes : 0 | Adresse inconnue
Nom inconnu - N/A | Vélos : 0 | Bornes : 0 | Adresse inconnue
Nom inconnu - N/A | Vélos : 0 | Bornes : 0 | Adresse inconnue
Nom inconnu - N/A | Vélos : 0 | Bornes : 0 | Adresse inconnue
Nom inconnu - N/A | Vélos : 0 | Bornes : 0 | Adresse inconnue
Nom inconnu - N/A | Vélos : 0 | Bornes : 0 | Adresse inconnue
Nom inconnu - N/A | Vélos : 0 | Bornes : 0 | Adresse inconnue
Nom inconnu - N/A | Vélos : 0 | Bornes : 0 | Adresse inconnue
Nom inconnu - N/A | Vélos : 0 | Bornes : 0 | Adresse inconnue
Nom inconnu - N/A | Vélos : 0 | Bornes : 0 | Adresse inconnue
Nom inconnu - N/A | Vélos : 0 | Bornes : 0 | Adresse inconnue
Nom inconnu - N/A | Vélos : 0 | Bornes : 0 | Adresse inconnue
Nom inconnu - N/A | Vélos : 0 | Bornes : 0 | Adresse inconnue
Nom inconnu - N/A | Vélos : 0 | Bornes : 0 | Adresse inconnue
Nom inconnu - N/A | Vélos : 0 | Bornes : 0 | Adresse inconnue
Nom inconnu - N/A | Vélos : 0 | Bornes : 0 | Adresse inconnue
Nom inconnu - N/A | Vélos : 0 | Bornes : 0 | Adresse inconnue
Nom inconnu - N/A | Vélos : 0 | Bornes : 0 | Adresse inconnue
Nom inconnu - N/A | Vélos : 0 | Bornes : 0 | Adresse inconnue
Nom inconnu - N/A | Vélos : 0 | Bornes : 0 | Adresse inconnue
Nom inconnu - N/A | Vélos : 0 | Bornes : 0 | Adresse inconnue
Nom inconnu - N/A | Vélos : 0 | Bornes : 0 | Adresse inconnue
Nom inconnu - N/A | Vélos : 0 | Bornes : 0 | Adresse inconnue
Nom inconnu - N/A | Vélos : 0 | Bornes : 0 | Adresse inconnue
Nom inconnu - N/A | Vélos : 0 | Bornes : 0 | Adresse inconnue
Nom inconnu - N/A | Vélos : 0 | Bornes : 0 | Adresse inconnue
Nom inconnu - N/A | Vélos : 0 | Bornes : 0 | Adresse inconnue
Nom inconnu - N/A | Vélos : 0 | Bornes : 0 | Adresse inconnue
Nom inconnu - N/A | Vélos : 0 | Bornes : 0 | Adresse inconnue
Nom inconnu - N/A | Vélos : 0 | Bornes : 0 | Adresse inconnue
Nom inconnu - N/A | Vélos : 0 | Bornes : 0 | Adresse inconnue
Nom inconnu - N/A | Vélos : 0 | Bornes : 0 | Adresse inconnue
Nom inconnu - N/A | Vélos : 0 | Bornes : 0 | Adresse inconnue
Nom inconnu - N/A | Vélos : 0 | Bornes : 0 | Adresse inconnue
Nom inconnu - N/A | Vélos : 0 | Bornes : 0 | Adresse inconnue
Nom inconnu - N/A | Vélos : 0 | Bornes : 0 | Adresse inconnue
Nom inconnu - N/A | Vélos : 0 | Bornes : 0 | Adresse inconnue
Nom inconnu - N/A | Vélos : 0 | Bornes : 0 | Adresse inconnue
Nom inconnu - N/A | Vélos : 0 | Bornes : 0 | Adresse inconnue
Nom inconnu - N/A | Vélos : 0 | Bornes : 0 | Adresse inconnue
Nom inconnu - N/A | Vélos : 0 | Bornes : 0 | Adresse inconnue
Nom inconnu - N/A | Vélos : 0 | Bornes : 0 | Adresse inconnue
Nom inconnu - N/A | Vélos : 0 | Bornes : 0 | Adresse inconnue
Nom inconnu - N/A | Vélos : 0 | Bornes : 0 | Adresse inconnue
Nom inconnu - N/A | Vélos : 0 | Bornes : 0 | Adresse inconnue
Nom inconnu - N/A | Vélos : 0 | Bornes : 0 | Adresse inconnue
Nom inconnu - N/A | Vélos : 0 | Bornes : 0 | Adresse inconnue
Nom inconnu - N/A | Vélos : 0 | Bornes : 0 | Adresse inconnue
Nom inconnu - N/A | Vélos : 0 | Bornes : 0 | Adresse inconnue
Nom inconnu - N/A | Vélos : 0 | Bornes : 0 | Adresse inconnue
Nom inconnu - N/A | Vélos : 0 | Bornes : 0 | Adresse inconnue
Nom inconnu - N/A | Vélos : 0 | Bornes : 0 | Adresse inconnue
Nom inconnu - N/A | Vélos : 0 | Bornes : 0 | Adresse inconnue
Nom inconnu - N/A | Vélos : 0 | Bornes : 0 | Adresse inconnue
Nom inconnu - N/A | Vélos : 0 | Bornes : 0 | Adresse inconnue
Nom inconnu - N/A | Vélos : 0 | Bornes : 0 | Adresse inconnue
Nom inconnu - N/A | Vélos : 0 | Bornes : 0 | Adresse inconnue
Nom inconnu - N/A | Vélos : 0 | Bornes : 0 | Adresse inconnue
Nom inconnu - N/A | Vélos : 0 | Bornes : 0 | Adresse inconnue
Nom inconnu - N/A | Vélos : 0 | Bornes : 0 | Adresse inconnue
Nom inconnu - N/A | Vélos : 0 | Bornes : 0 | Adresse inconnue
Nom inconnu - N/A | Vélos : 0 | Bornes : 0 | Adresse inconnue
Nom inconnu - N/A | Vélos : 0 | Bornes : 0 | Adresse inconnue
Nom inconnu - N/A | Vélos : 0 | Bornes : 0 | Adresse inconnue
Nom inconnu - N/A | Vélos : 0 | Bornes : 0 | Adresse inconnue
Nom inconnu - N/A | Vélos : 0 | Bornes : 0 | Adresse inconnue
Nom inconnu - N/A | Vélos : 0 | Bornes : 0 | Adresse inconnue
Nom inconnu - N/A | Vélos : 0 | Bornes : 0 | Adresse inconnue
Nom inconnu - N/A | Vélos : 0 | Bornes : 0 | Adresse inconnue
Nom inconnu - N/A | Vélos : 0 | Bornes : 0 | Adresse inconnue
Nom inconnu - N/A | Vélos : 0 | Bornes : 0 | Adresse inconnue
Nom inconnu - N/A | Vélos : 0 | Bornes : 0 | Adresse inconnue
Nom inconnu - N/A | Vélos : 0 | Bornes : 0 | Adresse inconnue
Nom inconnu - N/A | Vélos : 0 | Bornes : 0 | Adresse inconnue
Nom inconnu - N/A | Vélos : 0 | Bornes : 0 | Adresse inconnue
Nom inconnu - N/A | Vélos : 0 | Bornes : 0 | Adresse inconnue
Nom inconnu - N/A | Vélos : 0 | Bornes : 0 | Adresse inconnue
Nom inconnu - N/A | Vélos : 0 | Bornes : 0 | Adresse inconnue
Nom inconnu - N/A | Vélos : 0 | Bornes : 0 | Adresse inconnue
Nom inconnu - N/A | Vélos : 0 | Bornes : 0 | Adresse inconnue
Nom inconnu - N/A | Vélos : 0 | Bornes : 0 | Adresse inconnue
Nom inconnu - N/A | Vélos : 0 | Bornes : 0 | Adresse inconnue
Nom inconnu - N/A | Vélos : 0 | Bornes : 0 | Adresse inconnue
Nom inconnu - N/A | Vélos : 0 | Bornes : 0 | Adresse inconnue
Nom inconnu - N/A | Vélos : 0 | Bornes : 0 | Adresse inconnue
Nom inconnu - N/A | Vélos : 0 | Bornes : 0 | Adresse inconnue
Nom inconnu - N/A | Vélos : 0 | Bornes : 0 | Adresse inconnue
Nom inconnu - N/A | Vélos : 0 | Bornes : 0 | Adresse inconnue
Nom inconnu - N/A | Vélos : 0 | Bornes : 0 | Adresse inconnue
Nom inconnu - N/A | Vélos : 0 | Bornes : 0 | Adresse inconnue
Nom inconnu - N/A | Vélos : 0 | Bornes : 0 | Adresse inconnue
Nom inconnu - N/A | Vélos : 0 | Bornes : 0 | Adresse inconnue
Nom inconnu - N/A | Vélos : 0 | Bornes : 0 | Adresse inconnue
Nom inconnu - N/A | Vélos : 0 | Bornes : 0 | Adresse inconnue
Nom inconnu - N/A | Vélos : 0 | Bornes : 0 | Adresse inconnue
Nom inconnu - N/A | Vélos : 0 | Bornes : 0 | Adresse inconnue
Nom inconnu - N/A | Vélos : 0 | Bornes : 0 | Adresse inconnue
Nom inconnu - N/A | Vélos : 0 | Bornes : 0 | Adresse inconnue
Nom inconnu - N/A | Vélos : 0 | Bornes : 0 | Adresse inconnue
Nom inconnu - N/A | Vélos : 0 | Bornes : 0 | Adresse inconnue
Nom inconnu - N/A | Vélos : 0 | Bornes : 0 | Adresse inconnue
Nom inconnu - N/A | Vélos : 0 | Bornes : 0 | Adresse inconnue
Nom inconnu - N/A | Vélos : 0 | Bornes : 0 | Adresse inconnue
Nom inconnu - N/A | Vélos : 0 | Bornes : 0 | Adresse inconnue
Nom inconnu - N/A | Vélos : 0 | Bornes : 0 | Adresse inconnue
Nom inconnu - N/A | Vélos : 0 | Bornes : 0 | Adresse inconnue
Nom inconnu - N/A | Vélos : 0 | Bornes : 0 | Adresse inconnue
Nom inconnu - N/A | Vélos : 0 | Bornes : 0 | Adresse inconnue
Nom inconnu - N/A | Vélos : 0 | Bornes : 0 | Adresse inconnue
Nom inconnu - N/A | Vélos : 0 | Bornes : 0 | Adresse inconnue
Nom inconnu - N/A | Vélos : 0 | Bornes : 0 | Adresse inconnue
Nom inconnu - N/A | Vélos : 0 | Bornes : 0 | Adresse inconnue
Nom inconnu - N/A | Vélos : 0 | Bornes : 0 | Adresse inconnue
Nom inconnu - N/A | Vélos : 0 | Bornes : 0 | Adresse inconnue
Nom inconnu - N/A | Vélos : 0 | Bornes : 0 | Adresse inconnue
Nom inconnu - N/A | Vélos : 0 | Bornes : 0 | Adresse inconnue
Nom inconnu - N/A | Vélos : 0 | Bornes : 0 | Adresse inconnue
Nom inconnu - N/A | Vélos : 0 | Bornes : 0 | Adresse inconnue
Nom inconnu - N/A | Vélos : 0 | Bornes : 0 | Adresse inconnue
Nom inconnu - N/A | Vélos : 0 | Bornes : 0 | Adresse inconnue
Nom inconnu - N/A | Vélos : 0 | Bornes : 0 | Adresse inconnue
Nom inconnu - N/A | Vélos : 0 | Bornes : 0 | Adresse inconnue
Nom inconnu - N/A | Vélos : 0 | Bornes : 0 | Adresse inconnue
Nom inconnu - N/A | Vélos : 0 | Bornes : 0 | Adresse inconnue
Nom inconnu - N/A | Vélos : 0 | Bornes : 0 | Adresse inconnue
Nom inconnu - N/A | Vélos : 0 | Bornes : 0 | Adresse inconnue
Nom inconnu - N/A | Vélos : 0 | Bornes : 0 | Adresse inconnue
Nom inconnu - N/A | Vélos : 0 | Bornes : 0 | Adresse inconnue
Nom inconnu - N/A | Vélos : 0 | Bornes : 0 | Adresse inconnue
Nom inconnu - N/A | Vélos : 0 | Bornes : 0 | Adresse inconnue
Nom inconnu - N/A | Vélos : 0 | Bornes : 0 | Adresse inconnue
Nom inconnu - N/A | Vélos : 0 | Bornes : 0 | Adresse inconnue
Nom inconnu - N/A | Vélos : 0 | Bornes : 0 | Adresse inconnue
Nom inconnu - N/A | Vélos : 0 | Bornes : 0 | Adresse inconnue
Nom inconnu - N/A | Vélos : 0 | Bornes : 0 | Adresse inconnue
Nom inconnu - N/A | Vélos : 0 | Bornes : 0 | Adresse inconnue
Nom inconnu - N/A | Vélos : 0 | Bornes : 0 | Adresse inconnue
Nom inconnu - N/A | Vélos : 0 | Bornes : 0 | Adresse inconnue
Nom inconnu - N/A | Vélos : 0 | Bornes : 0 | Adresse inconnue
Nom inconnu - N/A | Vélos : 0 | Bornes : 0 | Adresse inconnue
Nom inconnu - N/A | Vélos : 0 | Bornes : 0 | Adresse inconnue
Nom inconnu - N/A | Vélos : 0 | Bornes : 0 | Adresse inconnue
Nom inconnu - N/A | Vélos : 0 | Bornes : 0 | Adresse inconnue
Nom inconnu - N/A | Vélos : 0 | Bornes : 0 | Adresse inconnue
Nom inconnu - N/A | Vélos : 0 | Bornes : 0 | Adresse inconnue
Nom inconnu - N/A | Vélos : 0 | Bornes : 0 | Adresse inconnue
Nom inconnu - N/A | Vélos : 0 | Bornes : 0 | Adresse inconnue
Nom inconnu - N/A | Vélos : 0 | Bornes : 0 | Adresse inconnue
Nom inconnu - N/A | Vélos : 0 | Bornes : 0 | Adresse inconnue
Nom inconnu - N/A | Vélos : 0 | Bornes : 0 | Adresse inconnue
Nom inconnu - N/A | Vélos : 0 | Bornes : 0 | Adresse inconnue
Nom inconnu - N/A | Vélos : 0 | Bornes : 0 | Adresse inconnue
Nom inconnu - N/A | Vélos : 0 | Bornes : 0 | Adresse inconnue
Nom inconnu - N/A | Vélos : 0 | Bornes : 0 | Adresse inconnue
Nom inconnu - N/A | Vélos : 0 | Bornes : 0 | Adresse inconnue
Nom inconnu - N/A | Vélos : 0 | Bornes : 0 | Adresse inconnue
Nom inconnu - N/A | Vélos : 0 | Bornes : 0 | Adresse inconnue
Nom inconnu - N/A | Vélos : 0 | Bornes : 0 | Adresse inconnue
Nom inconnu - N/A | Vélos : 0 | Bornes : 0 | Adresse inconnue
Nom inconnu - N/A | Vélos : 0 | Bornes : 0 | Adresse inconnue
Nom inconnu - N/A | Vélos : 0 | Bornes : 0 | Adresse inconnue
Nom inconnu - N/A | Vélos : 0 | Bornes : 0 | Adresse inconnue
Nom inconnu - N/A | Vélos : 0 | Bornes : 0 | Adresse inconnue
Nom inconnu - N/A | Vélos : 0 | Bornes : 0 | Adresse inconnue
Nom inconnu - N/A | Vélos : 0 | Bornes : 0 | Adresse inconnue
Nom inconnu - N/A | Vélos : 0 | Bornes : 0 | Adresse inconnue
Nom inconnu - N/A | Vélos : 0 | Bornes : 0 | Adresse inconnue
Nom inconnu - N/A | Vélos : 0 | Bornes : 0 | Adresse inconnue
Nom inconnu - N/A | Vélos : 0 | Bornes : 0 | Adresse inconnue
Nom inconnu - N/A | Vélos : 0 | Bornes : 0 | Adresse inconnue
Nom inconnu - N/A | Vélos : 0 | Bornes : 0 | Adresse inconnue
Nom inconnu - N/A | Vélos : 0 | Bornes : 0 | Adresse inconnue
Nom inconnu - N/A | Vélos : 0 | Bornes : 0 | Adresse inconnue
Nom inconnu - N/A | Vélos : 0 | Bornes : 0 | Adresse inconnue
Nom inconnu - N/A | Vélos : 0 | Bornes : 0 | Adresse inconnue
Nom inconnu - N/A | Vélos : 0 | Bornes : 0 | Adresse inconnue
Nom inconnu - N/A | Vélos : 0 | Bornes : 0 | Adresse inconnue
Nom inconnu - N/A | Vélos : 0 | Bornes : 0 | Adresse inconnue
Nom inconnu - N/A | Vélos : 0 | Bornes : 0 | Adresse inconnue
Nom inconnu - N/A | Vélos : 0 | Bornes : 0 | Adresse inconnue
Nom inconnu - N/A | Vélos : 0 | Bornes : 0 | Adresse inconnue
Nom inconnu - N/A | Vélos : 0 | Bornes : 0 | Adresse inconnue
Nom inconnu - N/A | Vélos : 0 | Bornes : 0 | Adresse inconnue
Nom inconnu - N/A | Vélos : 0 | Bornes : 0 | Adresse inconnue
Nom inconnu - N/A | Vélos : 0 | Bornes : 0 | Adresse inconnue
Nom inconnu - N/A | Vélos : 0 | Bornes : 0 | Adresse inconnue
Nom inconnu - N/A | Vélos : 0 | Bornes : 0 | Adresse inconnue
Nom inconnu - N/A | Vélos : 0 | Bornes : 0 | Adresse inconnue
Nom inconnu - N/A | Vélos : 0 | Bornes : 0 | Adresse inconnue
Nom inconnu - N/A | Vélos : 0 | Bornes : 0 | Adresse inconnue
Nom inconnu - N/A | Vélos : 0 | Bornes : 0 | Adresse inconnue
Nom inconnu - N/A | Vélos : 0 | Bornes : 0 | Adresse inconnue
Nom inconnu - N/A | Vélos : 0 | Bornes : 0 | Adresse inconnue
Nom inconnu - N/A | Vélos : 0 | Bornes : 0 | Adresse inconnue
Nom inconnu - N/A | Vélos : 0 | Bornes : 0 | Adresse inconnue
Nom inconnu - N/A | Vélos : 0 | Bornes : 0 | Adresse inconnue
Nom inconnu - N/A | Vélos : 0 | Bornes : 0 | Adresse inconnue
Nom inconnu - N/A | Vélos : 0 | Bornes : 0 | Adresse inconnue
Nom inconnu - N/A | Vélos : 0 | Bornes : 0 | Adresse inconnue
Nom inconnu - N/A | Vélos : 0 | Bornes : 0 | Adresse inconnue
Nom inconnu - N/A | Vélos : 0 | Bornes : 0 | Adresse inconnue
Nom inconnu - N/A | Vélos : 0 | Bornes : 0 | Adresse inconnue
Nom inconnu - N/A | Vélos : 0 | Bornes : 0 | Adresse inconnue
Nom inconnu - N/A | Vélos : 0 | Bornes : 0 | Adresse inconnue
Nom inconnu - N/A | Vélos : 0 | Bornes : 0 | Adresse inconnue
Nom inconnu - N/A | Vélos : 0 | Bornes : 0 | Adresse inconnue
Nom inconnu - N/A | Vélos : 0 | Bornes : 0 | Adresse inconnue
Nom inconnu - N/A | Vélos : 0 | Bornes : 0 | Adresse inconnue
Nom inconnu - N/A | Vélos : 0 | Bornes : 0 | Adresse inconnue
Nom inconnu - N/A | Vélos : 0 | Bornes : 0 | Adresse inconnue
Nom inconnu - N/A | Vélos : 0 | Bornes : 0 | Adresse inconnue
Nom inconnu - N/A | Vélos : 0 | Bornes : 0 | Adresse inconnue
Nom inconnu - N/A | Vélos : 0 | Bornes : 0 | Adresse inconnue
Nom inconnu - N/A | Vélos : 0 | Bornes : 0 | Adresse inconnue
Nom inconnu - N/A | Vélos : 0 | Bornes : 0 | Adresse inconnue
Nom inconnu - N/A | Vélos : 0 | Bornes : 0 | Adresse inconnue
Nom inconnu - N/A | Vélos : 0 | Bornes : 0 | Adresse inconnue
Nom inconnu - N/A | Vélos : 0 | Bornes : 0 | Adresse inconnue
Nom inconnu - N/A | Vélos : 0 | Bornes : 0 | Adresse inconnue
Nom inconnu - N/A | Vélos : 0 | Bornes : 0 | Adresse inconnue
Nom inconnu - N/A | Vélos : 0 | Bornes : 0 | Adresse inconnue
Nom inconnu - N/A | Vélos : 0 | Bornes : 0 | Adresse inconnue
Nom inconnu - N/A | Vélos : 0 | Bornes : 0 | Adresse inconnue
Nom inconnu - N/A | Vélos : 0 | Bornes : 0 | Adresse inconnue
Nom inconnu - N/A | Vélos : 0 | Bornes : 0 | Adresse inconnue
Nom inconnu - N/A | Vélos : 0 | Bornes : 0 | Adresse inconnue
Nom inconnu - N/A | Vélos : 0 | Bornes : 0 | Adresse inconnue
Nom inconnu - N/A | Vélos : 0 | Bornes : 0 | Adresse inconnue
Nom inconnu - N/A | Vélos : 0 | Bornes : 0 | Adresse inconnue
Nom inconnu - N/A | Vélos : 0 | Bornes : 0 | Adresse inconnue
Nom inconnu - N/A | Vélos : 0 | Bornes : 0 | Adresse inconnue
Nom inconnu - N/A | Vélos : 0 | Bornes : 0 | Adresse inconnue
Nom inconnu - N/A | Vélos : 0 | Bornes : 0 | Adresse inconnue
Nom inconnu - N/A | Vélos : 0 | Bornes : 0 | Adresse inconnue
Nom inconnu - N/A | Vélos : 0 | Bornes : 0 | Adresse inconnue
Nom inconnu - N/A | Vélos : 0 | Bornes : 0 | Adresse inconnue
Nom inconnu - N/A | Vélos : 0 | Bornes : 0 | Adresse inconnue
Nom inconnu - N/A | Vélos : 0 | Bornes : 0 | Adresse inconnue
Nom inconnu - N/A | Vélos : 0 | Bornes : 0 | Adresse inconnue
Nom inconnu - N/A | Vélos : 0 | Bornes : 0 | Adresse inconnue
Nom inconnu - N/A | Vélos : 0 | Bornes : 0 | Adresse inconnue
Nom inconnu - N/A | Vélos : 0 | Bornes : 0 | Adresse inconnue
Nom inconnu - N/A | Vélos : 0 | Bornes : 0 | Adresse inconnue
Nom inconnu - N/A | Vélos : 0 | Bornes : 0 | Adresse inconnue
Nom inconnu - N/A | Vélos : 0 | Bornes : 0 | Adresse inconnue
Nom inconnu - N/A | Vélos : 0 | Bornes : 0 | Adresse inconnue
Nom inconnu - N/A | Vélos : 0 | Bornes : 0 | Adresse inconnue
Nom inconnu - N/A | Vélos : 0 | Bornes : 0 | Adresse inconnue
Nom inconnu - N/A | Vélos : 0 | Bornes : 0 | Adresse inconnue
Nom inconnu - N/A | Vélos : 0 | Bornes : 0 | Adresse inconnue
Nom inconnu - N/A | Vélos : 0 | Bornes : 0 | Adresse inconnue
Nom inconnu - N/A | Vélos : 0 | Bornes : 0 | Adresse inconnue
Nom inconnu - N/A | Vélos : 0 | Bornes : 0 | Adresse inconnue
Nom inconnu - N/A | Vélos : 0 | Bornes : 0 | Adresse inconnue
Nom inconnu - N/A | Vélos : 0 | Bornes : 0 | Adresse inconnue
Nom inconnu - N/A | Vélos : 0 | Bornes : 0 | Adresse inconnue
Nom inconnu - N/A | Vélos : 0 | Bornes : 0 | Adresse inconnue
Nom inconnu - N/A | Vélos : 0 | Bornes : 0 | Adresse inconnue
Nom inconnu - N/A | Vélos : 0 | Bornes : 0 | Adresse inconnue
Nom inconnu - N/A | Vélos : 0 | Bornes : 0 | Adresse inconnue
Nom inconnu - N/A | Vélos : 0 | Bornes : 0 | Adresse inconnue
Nom inconnu - N/A | Vélos : 0 | Bornes : 0 | Adresse inconnue
Nom inconnu - N/A | Vélos : 0 | Bornes : 0 | Adresse inconnue
Nom inconnu - N/A | Vélos : 0 | Bornes : 0 | Adresse inconnue
Nom inconnu - N/A | Vélos : 0 | Bornes : 0 | Adresse inconnue
Nom inconnu - N/A | Vélos : 0 | Bornes : 0 | Adresse inconnue
Nom inconnu - N/A | Vélos : 0 | Bornes : 0 | Adresse inconnue
Nom inconnu - N/A | Vélos : 0 | Bornes : 0 | Adresse inconnue
Nom inconnu - N/A | Vélos : 0 | Bornes : 0 | Adresse inconnue
Nom inconnu - N/A | Vélos : 0 | Bornes : 0 | Adresse inconnue
Nom inconnu - N/A | Vélos : 0 | Bornes : 0 | Adresse inconnue
Nom inconnu - N/A | Vélos : 0 | Bornes : 0 | Adresse inconnue
Nom inconnu - N/A | Vélos : 0 | Bornes : 0 | Adresse inconnue
Nom inconnu - N/A | Vélos : 0 | Bornes : 0 | Adresse inconnue
Nom inconnu - N/A | Vélos : 0 | Bornes : 0 | Adresse inconnue
Nom inconnu - N/A | Vélos : 0 | Bornes : 0 | Adresse inconnue
Nom inconnu - N/A | Vélos : 0 | Bornes : 0 | Adresse inconnue
Nom inconnu - N/A | Vélos : 0 | Bornes : 0 | Adresse inconnue
Nom inconnu - N/A | Vélos : 0 | Bornes : 0 | Adresse inconnue
Nom inconnu - N/A | Vélos : 0 | Bornes : 0 | Adresse inconnue
Nom inconnu - N/A | Vélos : 0 | Bornes : 0 | Adresse inconnue
Nom inconnu - N/A | Vélos : 0 | Bornes : 0 | Adresse inconnue
Nom inconnu - N/A | Vélos : 0 | Bornes : 0 | Adresse inconnue
Nom inconnu - N/A | Vélos : 0 | Bornes : 0 | Adresse inconnue
Nom inconnu - N/A | Vélos : 0 | Bornes : 0 | Adresse inconnue
Nom inconnu - N/A | Vélos : 0 | Bornes : 0 | Adresse inconnue
Nom inconnu - N/A | Vélos : 0 | Bornes : 0 | Adresse inconnue
Nom inconnu - N/A | Vélos : 0 | Bornes : 0 | Adresse inconnue
Nom inconnu - N/A | Vélos : 0 | Bornes : 0 | Adresse inconnue
Nom inconnu - N/A | Vélos : 0 | Bornes : 0 | Adresse inconnue
Nom inconnu - N/A | Vélos : 0 | Bornes : 0 | Adresse inconnue
Nom inconnu - N/A | Vélos : 0 | Bornes : 0 | Adresse inconnue
Nom inconnu - N/A | Vélos : 0 | Bornes : 0 | Adresse inconnue
Nom inconnu - N/A | Vélos : 0 | Bornes : 0 | Adresse inconnue
Nom inconnu - N/A | Vélos : 0 | Bornes : 0 | Adresse inconnue
Nom inconnu - N/A | Vélos : 0 | Bornes : 0 | Adresse inconnue
Nom inconnu - N/A | Vélos : 0 | Bornes : 0 | Adresse inconnue
Nom inconnu - N/A | Vélos : 0 | Bornes : 0 | Adresse inconnue
Nom inconnu - N/A | Vélos : 0 | Bornes : 0 | Adresse inconnue
Nom inconnu - N/A | Vélos : 0 | Bornes : 0 | Adresse inconnue
Nom inconnu - N/A | Vélos : 0 | Bornes : 0 | Adresse inconnue
Nom inconnu - N/A | Vélos : 0 | Bornes : 0 | Adresse inconnue
Nom inconnu - N/A | Vélos : 0 | Bornes : 0 | Adresse inconnue
Nom inconnu - N/A | Vélos : 0 | Bornes : 0 | Adresse inconnue
Nom inconnu - N/A | Vélos : 0 | Bornes : 0 | Adresse inconnue
Nom inconnu - N/A | Vélos : 0 | Bornes : 0 | Adresse inconnue
Nom inconnu - N/A | Vélos : 0 | Bornes : 0 | Adresse inconnue
Nom inconnu - N/A | Vélos : 0 | Bornes : 0 | Adresse inconnue
Nom inconnu - N/A | Vélos : 0 | Bornes : 0 | Adresse inconnue
Nom inconnu - N/A | Vélos : 0 | Bornes : 0 | Adresse inconnue
Nom inconnu - N/A | Vélos : 0 | Bornes : 0 | Adresse inconnue
Nom inconnu - N/A | Vélos : 0 | Bornes : 0 | Adresse inconnue
Nom inconnu - N/A | Vélos : 0 | Bornes : 0 | Adresse inconnue
Nom inconnu - N/A | Vélos : 0 | Bornes : 0 | Adresse inconnue
Nom inconnu - N/A | Vélos : 0 | Bornes : 0 | Adresse inconnue
Nom inconnu - N/A | Vélos : 0 | Bornes : 0 | Adresse inconnue
Nom inconnu - N/A | Vélos : 0 | Bornes : 0 | Adresse inconnue
Nom inconnu - N/A | Vélos : 0 | Bornes : 0 | Adresse inconnue
Nom inconnu - N/A | Vélos : 0 | Bornes : 0 | Adresse inconnue
Nom inconnu - N/A | Vélos : 0 | Bornes : 0 | Adresse inconnue
Nom inconnu - N/A | Vélos : 0 | Bornes : 0 | Adresse inconnue
Nom inconnu - N/A | Vélos : 0 | Bornes : 0 | Adresse inconnue
Nom inconnu - N/A | Vélos : 0 | Bornes : 0 | Adresse inconnue
Nom inconnu - N/A | Vélos : 0 | Bornes : 0 | Adresse inconnue
Nom inconnu - N/A | Vélos : 0 | Bornes : 0 | Adresse inconnue
Nom inconnu - N/A | Vélos : 0 | Bornes : 0 | Adresse inconnue
Nom inconnu - N/A | Vélos : 0 | Bornes : 0 | Adresse inconnue
Nom inconnu - N/A | Vélos : 0 | Bornes : 0 | Adresse inconnue
Nom inconnu - N/A | Vélos : 0 | Bornes : 0 | Adresse inconnue
Nom inconnu - N/A | Vélos : 0 | Bornes : 0 | Adresse inconnue
Nom inconnu - N/A | Vélos : 0 | Bornes : 0 | Adresse inconnue
Nom inconnu - N/A | Vélos : 0 | Bornes : 0 | Adresse inconnue
Nom inconnu - N/A | Vélos : 0 | Bornes : 0 | Adresse inconnue
Nom inconnu - N/A | Vélos : 0 | Bornes : 0 | Adresse inconnue
Nom inconnu - N/A | Vélos : 0 | Bornes : 0 | Adresse inconnue
Nom inconnu - N/A | Vélos : 0 | Bornes : 0 | Adresse inconnue
Nom inconnu - N/A | Vélos : 0 | Bornes : 0 | Adresse inconnue
Nom inconnu - N/A | Vélos : 0 | Bornes : 0 | Adresse inconnue
Nom inconnu - N/A | Vélos : 0 | Bornes : 0 | Adresse inconnue
Nom inconnu - N/A | Vélos : 0 | Bornes : 0 | Adresse inconnue
Nom inconnu - N/A | Vélos : 0 | Bornes : 0 | Adresse inconnue
Nom inconnu - N/A | Vélos : 0 | Bornes : 0 | Adresse inconnue
Nom inconnu - N/A | Vélos : 0 | Bornes : 0 | Adresse inconnue
Nom inconnu - N/A | Vélos : 0 | Bornes : 0 | Adresse inconnue
Nom inconnu - N/A | Vélos : 0 | Bornes : 0 | Adresse inconnue
Nom inconnu - N/A | Vélos : 0 | Bornes : 0 | Adresse inconnue
Nom inconnu - N/A | Vélos : 0 | Bornes : 0 | Adresse inconnue
Nom inconnu - N/A | Vélos : 0 | Bornes : 0 | Adresse inconnue
Nom inconnu - N/A | Vélos : 0 | Bornes : 0 | Adresse inconnue
Nom inconnu - N/A | Vélos : 0 | Bornes : 0 | Adresse inconnue
Nom inconnu - N/A | Vélos : 0 | Bornes : 0 | Adresse inconnue
Nom inconnu - N/A | Vélos : 0 | Bornes : 0 | Adresse inconnue
Nom inconnu - N/A | Vélos : 0 | Bornes : 0 | Adresse inconnue
Nom inconnu - N/A | Vélos : 0 | Bornes : 0 | Adresse inconnue
Nom inconnu - N/A | Vélos : 0 | Bornes : 0 | Adresse inconnue
Nom inconnu - N/A | Vélos : 0 | Bornes : 0 | Adresse inconnue
Nom inconnu - N/A | Vélos : 0 | Bornes : 0 | Adresse inconnue
Nom inconnu - N/A | Vélos : 0 | Bornes : 0 | Adresse inconnue
Nom inconnu - N/A | Vélos : 0 | Bornes : 0 | Adresse inconnue
Nom inconnu - N/A | Vélos : 0 | Bornes : 0 | Adresse inconnue
Nom inconnu - N/A | Vélos : 0 | Bornes : 0 | Adresse inconnue
Nom inconnu - N/A | Vélos : 0 | Bornes : 0 | Adresse inconnue
Nom inconnu - N/A | Vélos : 0 | Bornes : 0 | Adresse inconnue
Nom inconnu - N/A | Vélos : 0 | Bornes : 0 | Adresse inconnue
Nom inconnu - N/A | Vélos : 0 | Bornes : 0 | Adresse inconnue
Nom inconnu - N/A | Vélos : 0 | Bornes : 0 | Adresse inconnue
Nom inconnu - N/A | Vélos : 0 | Bornes : 0 | Adresse inconnue
Nom inconnu - N/A | Vélos : 0 | Bornes : 0 | Adresse inconnue
Nom inconnu - N/A | Vélos : 0 | Bornes : 0 | Adresse inconnue
Nom inconnu - N/A | Vélos : 0 | Bornes : 0 | Adresse inconnue
Nom inconnu - N/A | Vélos : 0 | Bornes : 0 | Adresse inconnue
Nom inconnu - N/A | Vélos : 0 | Bornes : 0 | Adresse inconnue
Nom inconnu - N/A | Vélos : 0 | Bornes : 0 | Adresse inconnue
Nom inconnu - N/A | Vélos : 0 | Bornes : 0 | Adresse inconnue
Nom inconnu - N/A | Vélos : 0 | Bornes : 0 | Adresse inconnue
Nom inconnu - N/A | Vélos : 0 | Bornes : 0 | Adresse inconnue
Nom inconnu - N/A | Vélos : 0 | Bornes : 0 | Adresse inconnue
Nom inconnu - N/A | Vélos : 0 | Bornes : 0 | Adresse inconnue
Nom inconnu - N/A | Vélos : 0 | Bornes : 0 | Adresse inconnue
Nom inconnu - N/A | Vélos : 0 | Bornes : 0 | Adresse inconnue
Nom inconnu - N/A | Vélos : 0 | Bornes : 0 | Adresse inconnue
Nom inconnu - N/A | Vélos : 0 | Bornes : 0 | Adresse inconnue
Nom inconnu - N/A | Vélos : 0 | Bornes : 0 | Adresse inconnue
Nom inconnu - N/A | Vélos : 0 | Bornes : 0 | Adresse inconnue
Nom inconnu - N/A | Vélos : 0 | Bornes : 0 | Adresse inconnue
Nom inconnu - N/A | Vélos : 0 | Bornes : 0 | Adresse inconnue
Nom inconnu - N/A | Vélos : 0 | Bornes : 0 | Adresse inconnue
Nom inconnu - N/A | Vélos : 0 | Bornes : 0 | Adresse inconnue
Nom inconnu - N/A | Vélos : 0 | Bornes : 0 | Adresse inconnue
Nom inconnu - N/A | Vélos : 0 | Bornes : 0 | Adresse inconnue
Nom inconnu - N/A | Vélos : 0 | Bornes : 0 | Adresse inconnue
Nom inconnu - N/A | Vélos : 0 | Bornes : 0 | Adresse inconnue
Nom inconnu - N/A | Vélos : 0 | Bornes : 0 | Adresse inconnue
Nom inconnu - N/A | Vélos : 0 | Bornes : 0 | Adresse inconnue
Nom inconnu - N/A | Vélos : 0 | Bornes : 0 | Adresse inconnue
Nom inconnu - N/A | Vélos : 0 | Bornes : 0 | Adresse inconnue
Nom inconnu - N/A | Vélos : 0 | Bornes : 0 | Adresse inconnue
Nom inconnu - N/A | Vélos : 0 | Bornes : 0 | Adresse inconnue
Nom inconnu - N/A | Vélos : 0 | Bornes : 0 | Adresse inconnue
Nom inconnu - N/A | Vélos : 0 | Bornes : 0 | Adresse inconnue
Nom inconnu - N/A | Vélos : 0 | Bornes : 0 | Adresse inconnue
Nom inconnu - N/A | Vélos : 0 | Bornes : 0 | Adresse inconnue
Nom inconnu - N/A | Vélos : 0 | Bornes : 0 | Adresse inconnue
Nom inconnu - N/A | Vélos : 0 | Bornes : 0 | Adresse inconnue
Nom inconnu - N/A | Vélos : 0 | Bornes : 0 | Adresse inconnue
Nom inconnu - N/A | Vélos : 0 | Bornes : 0 | Adresse inconnue
Nom inconnu - N/A | Vélos : 0 | Bornes : 0 | Adresse inconnue
Nom inconnu - N/A | Vélos : 0 | Bornes : 0 | Adresse inconnue
Nom inconnu - N/A | Vélos : 0 | Bornes : 0 | Adresse inconnue
Nom inconnu - N/A | Vélos : 0 | Bornes : 0 | Adresse inconnue
Nom inconnu - N/A | Vélos : 0 | Bornes : 0 | Adresse inconnue
Nom inconnu - N/A | Vélos : 0 | Bornes : 0 | Adresse inconnue
Nom inconnu - N/A | Vélos : 0 | Bornes : 0 | Adresse inconnue
Nom inconnu - N/A | Vélos : 0 | Bornes : 0 | Adresse inconnue
Nom inconnu - N/A | Vélos : 0 | Bornes : 0 | Adresse inconnue
Nom inconnu - N/A | Vélos : 0 | Bornes : 0 | Adresse inconnue
Nom inconnu - N/A | Vélos : 0 | Bornes : 0 | Adresse inconnue
Nom inconnu - N/A | Vélos : 0 | Bornes : 0 | Adresse inconnue
Nom inconnu - N/A | Vélos : 0 | Bornes : 0 | Adresse inconnue
Nom inconnu - N/A | Vélos : 0 | Bornes : 0 | Adresse inconnue
Nom inconnu - N/A | Vélos : 0 | Bornes : 0 | Adresse inconnue
Nom inconnu - N/A | Vélos : 0 | Bornes : 0 | Adresse inconnue
Nom inconnu - N/A | Vélos : 0 | Bornes : 0 | Adresse inconnue
Nom inconnu - N/A | Vélos : 0 | Bornes : 0 | Adresse inconnue
Nom inconnu - N/A | Vélos : 0 | Bornes : 0 | Adresse inconnue
Nom inconnu - N/A | Vélos : 0 | Bornes : 0 | Adresse inconnue
Nom inconnu - N/A | Vélos : 0 | Bornes : 0 | Adresse inconnue
Nom inconnu - N/A | Vélos : 0 | Bornes : 0 | Adresse inconnue
Nom inconnu - N/A | Vélos : 0 | Bornes : 0 | Adresse inconnue
Nom inconnu - N/A | Vélos : 0 | Bornes : 0 | Adresse inconnue
Nom inconnu - N/A | Vélos : 0 | Bornes : 0 | Adresse inconnue
Nom inconnu - N/A | Vélos : 0 | Bornes : 0 | Adresse inconnue
Nom inconnu - N/A | Vélos : 0 | Bornes : 0 | Adresse inconnue
Nom inconnu - N/A | Vélos : 0 | Bornes : 0 | Adresse inconnue
Nom inconnu - N/A | Vélos : 0 | Bornes : 0 | Adresse inconnue
Nom inconnu - N/A | Vélos : 0 | Bornes : 0 | Adresse inconnue
Nom inconnu - N/A | Vélos : 0 | Bornes : 0 | Adresse inconnue
Nom inconnu - N/A | Vélos : 0 | Bornes : 0 | Adresse inconnue
Nom inconnu - N/A | Vélos : 0 | Bornes : 0 | Adresse inconnue
Nom inconnu - N/A | Vélos : 0 | Bornes : 0 | Adresse inconnue
Nom inconnu - N/A | Vélos : 0 | Bornes : 0 | Adresse inconnue
Nom inconnu - N/A | Vélos : 0 | Bornes : 0 | Adresse inconnue
Nom inconnu - N/A | Vélos : 0 | Bornes : 0 | Adresse inconnue
Nom inconnu - N/A | Vélos : 0 | Bornes : 0 | Adresse inconnue
Nom inconnu - N/A | Vélos : 0 | Bornes : 0 | Adresse inconnue
Nom inconnu - N/A | Vélos : 0 | Bornes : 0 | Adresse inconnue
Nom inconnu - N/A | Vélos : 0 | Bornes : 0 | Adresse inconnue
Nom inconnu - N/A | Vélos : 0 | Bornes : 0 | Adresse inconnue
Nom inconnu - N/A | Vélos : 0 | Bornes : 0 | Adresse inconnue
Nom inconnu - N/A | Vélos : 0 | Bornes : 0 | Adresse inconnue
Nom inconnu - N/A | Vélos : 0 | Bornes : 0 | Adresse inconnue
Nom inconnu - N/A | Vélos : 0 | Bornes : 0 | Adresse inconnue
Nom inconnu - N/A | Vélos : 0 | Bornes : 0 | Adresse inconnue
Nom inconnu - N/A | Vélos : 0 | Bornes : 0 | Adresse inconnue
Nom inconnu - N/A | Vélos : 0 | Bornes : 0 | Adresse inconnue
Nom inconnu - N/A | Vélos : 0 | Bornes : 0 | Adresse inconnue
Nom inconnu - N/A | Vélos : 0 | Bornes : 0 | Adresse inconnue
Nom inconnu - N/A | Vélos : 0 | Bornes : 0 | Adresse inconnue
Nom inconnu - N/A | Vélos : 0 | Bornes : 0 | Adresse inconnue
Nom inconnu - N/A | Vélos : 0 | Bornes : 0 | Adresse inconnue
Nom inconnu - N/A | Vélos : 0 | Bornes : 0 | Adresse inconnue
Nom inconnu - N/A | Vélos : 0 | Bornes : 0 | Adresse inconnue
Nom inconnu - N/A | Vélos : 0 | Bornes : 0 | Adresse inconnue
Nom inconnu - N/A | Vélos : 0 | Bornes : 0 | Adresse inconnue
Nom inconnu - N/A | Vélos : 0 | Bornes : 0 | Adresse inconnue
Nom inconnu - N/A | Vélos : 0 | Bornes : 0 | Adresse inconnue
Nom inconnu - N/A | Vélos : 0 | Bornes : 0 | Adresse inconnue
Nom inconnu - N/A | Vélos : 0 | Bornes : 0 | Adresse inconnue
Nom inconnu - N/A | Vélos : 0 | Bornes : 0 | Adresse inconnue
Nom inconnu - N/A | Vélos : 0 | Bornes : 0 | Adresse inconnue
Nom inconnu - N/A | Vélos : 0 | Bornes : 0 | Adresse inconnue
Nom inconnu - N/A | Vélos : 0 | Bornes : 0 | Adresse inconnue
Nom inconnu - N/A | Vélos : 0 | Bornes : 0 | Adresse inconnue
Nom inconnu - N/A | Vélos : 0 | Bornes : 0 | Adresse inconnue
Nom inconnu - N/A | Vélos : 0 | Bornes : 0 | Adresse inconnue
Nom inconnu - N/A | Vélos : 0 | Bornes : 0 | Adresse inconnue
Nom inconnu - N/A | Vélos : 0 | Bornes : 0 | Adresse inconnue
Nom inconnu - N/A | Vélos : 0 | Bornes : 0 | Adresse inconnue
Nom inconnu - N/A | Vélos : 0 | Bornes : 0 | Adresse inconnue
Nom inconnu - N/A | Vélos : 0 | Bornes : 0 | Adresse inconnue
Nom inconnu - N/A | Vélos : 0 | Bornes : 0 | Adresse inconnue
Nom inconnu - N/A | Vélos : 0 | Bornes : 0 | Adresse inconnue
Nom inconnu - N/A | Vélos : 0 | Bornes : 0 | Adresse inconnue
Nom inconnu - N/A | Vélos : 0 | Bornes : 0 | Adresse inconnue
Nom inconnu - N/A | Vélos : 0 | Bornes : 0 | Adresse inconnue
Nom inconnu - N/A | Vélos : 0 | Bornes : 0 | Adresse inconnue
Nom inconnu - N/A | Vélos : 0 | Bornes : 0 | Adresse inconnue
Nom inconnu - N/A | Vélos : 0 | Bornes : 0 | Adresse inconnue
Nom inconnu - N/A | Vélos : 0 | Bornes : 0 | Adresse inconnue
Nom inconnu - N/A | Vélos : 0 | Bornes : 0 | Adresse inconnue
Nom inconnu - N/A | Vélos : 0 | Bornes : 0 | Adresse inconnue
Nom inconnu - N/A | Vélos : 0 | Bornes : 0 | Adresse inconnue
Nom inconnu - N/A | Vélos : 0 | Bornes : 0 | Adresse inconnue
Nom inconnu - N/A | Vélos : 0 | Bornes : 0 | Adresse inconnue
Nom inconnu - N/A | Vélos : 0 | Bornes : 0 | Adresse inconnue
Nom inconnu - N/A | Vélos : 0 | Bornes : 0 | Adresse inconnue
Nom inconnu - N/A | Vélos : 0 | Bornes : 0 | Adresse inconnue
Nom inconnu - N/A | Vélos : 0 | Bornes : 0 | Adresse inconnue
Nom inconnu - N/A | Vélos : 0 | Bornes : 0 | Adresse inconnue
Nom inconnu - N/A | Vélos : 0 | Bornes : 0 | Adresse inconnue
Nom inconnu - N/A | Vélos : 0 | Bornes : 0 | Adresse inconnue
Nom inconnu - N/A | Vélos : 0 | Bornes : 0 | Adresse inconnue
Nom inconnu - N/A | Vélos : 0 | Bornes : 0 | Adresse inconnue
Nom inconnu - N/A | Vélos : 0 | Bornes : 0 | Adresse inconnue
Nom inconnu - N/A | Vélos : 0 | Bornes : 0 | Adresse inconnue
Nom inconnu - N/A | Vélos : 0 | Bornes : 0 | Adresse inconnue
Nom inconnu - N/A | Vélos : 0 | Bornes : 0 | Adresse inconnue
Nom inconnu - N/A | Vélos : 0 | Bornes : 0 | Adresse inconnue
Nom inconnu - N/A | Vélos : 0 | Bornes : 0 | Adresse inconnue
Nom inconnu - N/A | Vélos : 0 | Bornes : 0 | Adresse inconnue
Nom inconnu - N/A | Vélos : 0 | Bornes : 0 | Adresse inconnue
Nom inconnu - N/A | Vélos : 0 | Bornes : 0 | Adresse inconnue
Nom inconnu - N/A | Vélos : 0 | Bornes : 0 | Adresse inconnue
Nom inconnu - N/A | Vélos : 0 | Bornes : 0 | Adresse inconnue
Nom inconnu - N/A | Vélos : 0 | Bornes : 0 | Adresse inconnue
Nom inconnu - N/A | Vélos : 0 | Bornes : 0 | Adresse inconnue
Nom inconnu - N/A | Vélos : 0 | Bornes : 0 | Adresse inconnue
Nom inconnu - N/A | Vélos : 0 | Bornes : 0 | Adresse inconnue
Nom inconnu - N/A | Vélos : 0 | Bornes : 0 | Adresse inconnue
Nom inconnu - N/A | Vélos : 0 | Bornes : 0 | Adresse inconnue
Nom inconnu - N/A | Vélos : 0 | Bornes : 0 | Adresse inconnue
Nom inconnu - N/A | Vélos : 0 | Bornes : 0 | Adresse inconnue
Nom inconnu - N/A | Vélos : 0 | Bornes : 0 | Adresse inconnue
Nom inconnu - N/A | Vélos : 0 | Bornes : 0 | Adresse inconnue
Nom inconnu - N/A | Vélos : 0 | Bornes : 0 | Adresse inconnue
Nom inconnu - N/A | Vélos : 0 | Bornes : 0 | Adresse inconnue
Nom inconnu - N/A | Vélos : 0 | Bornes : 0 | Adresse inconnue
Nom inconnu - N/A | Vélos : 0 | Bornes : 0 | Adresse inconnue
Nom inconnu - N/A | Vélos : 0 | Bornes : 0 | Adresse inconnue
Nom inconnu - N/A | Vélos : 0 | Bornes : 0 | Adresse inconnue
Nom inconnu - N/A | Vélos : 0 | Bornes : 0 | Adresse inconnue
Nom inconnu - N/A | Vélos : 0 | Bornes : 0 | Adresse inconnue
Nom inconnu - N/A | Vélos : 0 | Bornes : 0 | Adresse inconnue
Nom inconnu - N/A | Vélos : 0 | Bornes : 0 | Adresse inconnue
Nom inconnu - N/A | Vélos : 0 | Bornes : 0 | Adresse inconnue
Nom inconnu - N/A | Vélos : 0 | Bornes : 0 | Adresse inconnue
Nom inconnu - N/A | Vélos : 0 | Bornes : 0 | Adresse inconnue
Nom inconnu - N/A | Vélos : 0 | Bornes : 0 | Adresse inconnue
Nom inconnu - N/A | Vélos : 0 | Bornes : 0 | Adresse inconnue
Nom inconnu - N/A | Vélos : 0 | Bornes : 0 | Adresse inconnue
Nom inconnu - N/A | Vélos : 0 | Bornes : 0 | Adresse inconnue
Nom inconnu - N/A | Vélos : 0 | Bornes : 0 | Adresse inconnue
Nom inconnu - N/A | Vélos : 0 | Bornes : 0 | Adresse inconnue
Nom inconnu - N/A | Vélos : 0 | Bornes : 0 | Adresse inconnue
Nom inconnu - N/A | Vélos : 0 | Bornes : 0 | Adresse inconnue
Nom inconnu - N/A | Vélos : 0 | Bornes : 0 | Adresse inconnue
Nom inconnu - N/A | Vélos : 0 | Bornes : 0 | Adresse inconnue
Nom inconnu - N/A | Vélos : 0 | Bornes : 0 | Adresse inconnue
Nom inconnu - N/A | Vélos : 0 | Bornes : 0 | Adresse inconnue
Nom inconnu - N/A | Vélos : 0 | Bornes : 0 | Adresse inconnue
Nom inconnu - N/A | Vélos : 0 | Bornes : 0 | Adresse inconnue
Nom inconnu - N/A | Vélos : 0 | Bornes : 0 | Adresse inconnue
Nom inconnu - N/A | Vélos : 0 | Bornes : 0 | Adresse inconnue
Nom inconnu - N/A | Vélos : 0 | Bornes : 0 | Adresse inconnue
Nom inconnu - N/A | Vélos : 0 | Bornes : 0 | Adresse inconnue
Nom inconnu - N/A | Vélos : 0 | Bornes : 0 | Adresse inconnue
Nom inconnu - N/A | Vélos : 0 | Bornes : 0 | Adresse inconnue
Nom inconnu - N/A | Vélos : 0 | Bornes : 0 | Adresse inconnue
Nom inconnu - N/A | Vélos : 0 | Bornes : 0 | Adresse inconnue
Nom inconnu - N/A | Vélos : 0 | Bornes : 0 | Adresse inconnue
Nom inconnu - N/A | Vélos : 0 | Bornes : 0 | Adresse inconnue
Nom inconnu - N/A | Vélos : 0 | Bornes : 0 | Adresse inconnue
Nom inconnu - N/A | Vélos : 0 | Bornes : 0 | Adresse inconnue
Nom inconnu - N/A | Vélos : 0 | Bornes : 0 | Adresse inconnue
Nom inconnu - N/A | Vélos : 0 | Bornes : 0 | Adresse inconnue
Nom inconnu - N/A | Vélos : 0 | Bornes : 0 | Adresse inconnue
Nom inconnu - N/A | Vélos : 0 | Bornes : 0 | Adresse inconnue
Nom inconnu - N/A | Vélos : 0 | Bornes : 0 | Adresse inconnue
Nom inconnu - N/A | Vélos : 0 | Bornes : 0 | Adresse inconnue
Nom inconnu - N/A | Vélos : 0 | Bornes : 0 | Adresse inconnue
Nom inconnu - N/A | Vélos : 0 | Bornes : 0 | Adresse inconnue
Nom inconnu - N/A | Vélos : 0 | Bornes : 0 | Adresse inconnue
Nom inconnu - N/A | Vélos : 0 | Bornes : 0 | Adresse inconnue
Nom inconnu - N/A | Vélos : 0 | Bornes : 0 | Adresse inconnue
Nom inconnu - N/A | Vélos : 0 | Bornes : 0 | Adresse inconnue
Nom inconnu - N/A | Vélos : 0 | Bornes : 0 | Adresse inconnue
Nom inconnu - N/A | Vélos : 0 | Bornes : 0 | Adresse inconnue
Nom inconnu - N/A | Vélos : 0 | Bornes : 0 | Adresse inconnue
Nom inconnu - N/A | Vélos : 0 | Bornes : 0 | Adresse inconnue
Nom inconnu - N/A | Vélos : 0 | Bornes : 0 | Adresse inconnue
Nom inconnu - N/A | Vélos : 0 | Bornes : 0 | Adresse inconnue
Nom inconnu - N/A | Vélos : 0 | Bornes : 0 | Adresse inconnue
Nom inconnu - N/A | Vélos : 0 | Bornes : 0 | Adresse inconnue
Nom inconnu - N/A | Vélos : 0 | Bornes : 0 | Adresse inconnue
Nom inconnu - N/A | Vélos : 0 | Bornes : 0 | Adresse inconnue
Nom inconnu - N/A | Vélos : 0 | Bornes : 0 | Adresse inconnue
Nom inconnu - N/A | Vélos : 0 | Bornes : 0 | Adresse inconnue
Nom inconnu - N/A | Vélos : 0 | Bornes : 0 | Adresse inconnue
Nom inconnu - N/A | Vélos : 0 | Bornes : 0 | Adresse inconnue
Nom inconnu - N/A | Vélos : 0 | Bornes : 0 | Adresse inconnue
Nom inconnu - N/A | Vélos : 0 | Bornes : 0 | Adresse inconnue
Nom inconnu - N/A | Vélos : 0 | Bornes : 0 | Adresse inconnue
Nom inconnu - N/A | Vélos : 0 | Bornes : 0 | Adresse inconnue
Nom inconnu - N/A | Vélos : 0 | Bornes : 0 | Adresse inconnue
Nom inconnu - N/A | Vélos : 0 | Bornes : 0 | Adresse inconnue
Nom inconnu - N/A | Vélos : 0 | Bornes : 0 | Adresse inconnue
Nom inconnu - N/A | Vélos : 0 | Bornes : 0 | Adresse inconnue
Nom inconnu - N/A | Vélos : 0 | Bornes : 0 | Adresse inconnue
Nom inconnu - N/A | Vélos : 0 | Bornes : 0 | Adresse inconnue
Nom inconnu - N/A | Vélos : 0 | Bornes : 0 | Adresse inconnue
Nom inconnu - N/A | Vélos : 0 | Bornes : 0 | Adresse inconnue
Nom inconnu - N/A | Vélos : 0 | Bornes : 0 | Adresse inconnue
Nom inconnu - N/A | Vélos : 0 | Bornes : 0 | Adresse inconnue
Nom inconnu - N/A | Vélos : 0 | Bornes : 0 | Adresse inconnue
Nom inconnu - N/A | Vélos : 0 | Bornes : 0 | Adresse inconnue
Nom inconnu - N/A | Vélos : 0 | Bornes : 0 | Adresse inconnue
Nom inconnu - N/A | Vélos : 0 | Bornes : 0 | Adresse inconnue
Nom inconnu - N/A | Vélos : 0 | Bornes : 0 | Adresse inconnue
Nom inconnu - N/A | Vélos : 0 | Bornes : 0 | Adresse inconnue
Nom inconnu - N/A | Vélos : 0 | Bornes : 0 | Adresse inconnue
Nom inconnu - N/A | Vélos : 0 | Bornes : 0 | Adresse inconnue
Nom inconnu - N/A | Vélos : 0 | Bornes : 0 | Adresse inconnue
Nom inconnu - N/A | Vélos : 0 | Bornes : 0 | Adresse inconnue
Nom inconnu - N/A | Vélos : 0 | Bornes : 0 | Adresse inconnue
Nom inconnu - N/A | Vélos : 0 | Bornes : 0 | Adresse inconnue
Nom inconnu - N/A | Vélos : 0 | Bornes : 0 | Adresse inconnue
Nom inconnu - N/A | Vélos : 0 | Bornes : 0 | Adresse inconnue
Nom inconnu - N/A | Vélos : 0 | Bornes : 0 | Adresse inconnue
Nom inconnu - N/A | Vélos : 0 | Bornes : 0 | Adresse inconnue
Nom inconnu - N/A | Vélos : 0 | Bornes : 0 | Adresse inconnue
Nom inconnu - N/A | Vélos : 0 | Bornes : 0 | Adresse inconnue
Nom inconnu - N/A | Vélos : 0 | Bornes : 0 | Adresse inconnue
Nom inconnu - N/A | Vélos : 0 | Bornes : 0 | Adresse inconnue
Nom inconnu - N/A | Vélos : 0 | Bornes : 0 | Adresse inconnue
Nom inconnu - N/A | Vélos : 0 | Bornes : 0 | Adresse inconnue
Nom inconnu - N/A | Vélos : 0 | Bornes : 0 | Adresse inconnue
Nom inconnu - N/A | Vélos : 0 | Bornes : 0 | Adresse inconnue
Nom inconnu - N/A | Vélos : 0 | Bornes : 0 | Adresse inconnue
Nom inconnu - N/A | Vélos : 0 | Bornes : 0 | Adresse inconnue
Nom inconnu - N/A | Vélos : 0 | Bornes : 0 | Adresse inconnue
Nom inconnu - N/A | Vélos : 0 | Bornes : 0 | Adresse inconnue
Nom inconnu - N/A | Vélos : 0 | Bornes : 0 | Adresse inconnue
Nom inconnu - N/A | Vélos : 0 | Bornes : 0 | Adresse inconnue
Nom inconnu - N/A | Vélos : 0 | Bornes : 0 | Adresse inconnue
Nom inconnu - N/A | Vélos : 0 | Bornes : 0 | Adresse inconnue
Nom inconnu - N/A | Vélos : 0 | Bornes : 0 | Adresse inconnue
Nom inconnu - N/A | Vélos : 0 | Bornes : 0 | Adresse inconnue
Nom inconnu - N/A | Vélos : 0 | Bornes : 0 | Adresse inconnue
Nom inconnu - N/A | Vélos : 0 | Bornes : 0 | Adresse inconnue
Nom inconnu - N/A | Vélos : 0 | Bornes : 0 | Adresse inconnue
Nom inconnu - N/A | Vélos : 0 | Bornes : 0 | Adresse inconnue
Nom inconnu - N/A | Vélos : 0 | Bornes : 0 | Adresse inconnue
Nom inconnu - N/A | Vélos : 0 | Bornes : 0 | Adresse inconnue
Nom inconnu - N/A | Vélos : 0 | Bornes : 0 | Adresse inconnue
Nom inconnu - N/A | Vélos : 0 | Bornes : 0 | Adresse inconnue
Nom inconnu - N/A | Vélos : 0 | Bornes : 0 | Adresse inconnue
Nom inconnu - N/A | Vélos : 0 | Bornes : 0 | Adresse inconnue
Nom inconnu - N/A | Vélos : 0 | Bornes : 0 | Adresse inconnue
Nom inconnu - N/A | Vélos : 0 | Bornes : 0 | Adresse inconnue
Nom inconnu - N/A | Vélos : 0 | Bornes : 0 | Adresse inconnue
Nom inconnu - N/A | Vélos : 0 | Bornes : 0 | Adresse inconnue
Nom inconnu - N/A | Vélos : 0 | Bornes : 0 | Adresse inconnue
Nom inconnu - N/A | Vélos : 0 | Bornes : 0 | Adresse inconnue
Nom inconnu - N/A | Vélos : 0 | Bornes : 0 | Adresse inconnue
Nom inconnu - N/A | Vélos : 0 | Bornes : 0 | Adresse inconnue
Nom inconnu - N/A | Vélos : 0 | Bornes : 0 | Adresse inconnue
Nom inconnu - N/A | Vélos : 0 | Bornes : 0 | Adresse inconnue
Nom inconnu - N/A | Vélos : 0 | Bornes : 0 | Adresse inconnue
Nom inconnu - N/A | Vélos : 0 | Bornes : 0 | Adresse inconnue
Nom inconnu - N/A | Vélos : 0 | Bornes : 0 | Adresse inconnue
Nom inconnu - N/A | Vélos : 0 | Bornes : 0 | Adresse inconnue
Nom inconnu - N/A | Vélos : 0 | Bornes : 0 | Adresse inconnue
Nom inconnu - N/A | Vélos : 0 | Bornes : 0 | Adresse inconnue
Nom inconnu - N/A | Vélos : 0 | Bornes : 0 | Adresse inconnue
Nom inconnu - N/A | Vélos : 0 | Bornes : 0 | Adresse inconnue
Nom inconnu - N/A | Vélos : 0 | Bornes : 0 | Adresse inconnue
Nom inconnu - N/A | Vélos : 0 | Bornes : 0 | Adresse inconnue
Nom inconnu - N/A | Vélos : 0 | Bornes : 0 | Adresse inconnue
Nom inconnu - N/A | Vélos : 0 | Bornes : 0 | Adresse inconnue
Nom inconnu - N/A | Vélos : 0 | Bornes : 0 | Adresse inconnue
Nom inconnu - N/A | Vélos : 0 | Bornes : 0 | Adresse inconnue
Nom inconnu - N/A | Vélos : 0 | Bornes : 0 | Adresse inconnue
Nom inconnu - N/A | Vélos : 0 | Bornes : 0 | Adresse inconnue
Nom inconnu - N/A | Vélos : 0 | Bornes : 0 | Adresse inconnue
Nom inconnu - N/A | Vélos : 0 | Bornes : 0 | Adresse inconnue
Nom inconnu - N/A | Vélos : 0 | Bornes : 0 | Adresse inconnue
Nom inconnu - N/A | Vélos : 0 | Bornes : 0 | Adresse inconnue
Nom inconnu - N/A | Vélos : 0 | Bornes : 0 | Adresse inconnue
Nom inconnu - N/A | Vélos : 0 | Bornes : 0 | Adresse inconnue
Nom inconnu - N/A | Vélos : 0 | Bornes : 0 | Adresse inconnue
Nom inconnu - N/A | Vélos : 0 | Bornes : 0 | Adresse inconnue
Nom inconnu - N/A | Vélos : 0 | Bornes : 0 | Adresse inconnue
Nom inconnu - N/A | Vélos : 0 | Bornes : 0 | Adresse inconnue
Nom inconnu - N/A | Vélos : 0 | Bornes : 0 | Adresse inconnue
Nom inconnu - N/A | Vélos : 0 | Bornes : 0 | Adresse inconnue
Nom inconnu - N/A | Vélos : 0 | Bornes : 0 | Adresse inconnue
Nom inconnu - N/A | Vélos : 0 | Bornes : 0 | Adresse inconnue
Nom inconnu - N/A | Vélos : 0 | Bornes : 0 | Adresse inconnue
Nom inconnu - N/A | Vélos : 0 | Bornes : 0 | Adresse inconnue
Nom inconnu - N/A | Vélos : 0 | Bornes : 0 | Adresse inconnue
Nom inconnu - N/A | Vélos : 0 | Bornes : 0 | Adresse inconnue
Nom inconnu - N/A | Vélos : 0 | Bornes : 0 | Adresse inconnue
Nom inconnu - N/A | Vélos : 0 | Bornes : 0 | Adresse inconnue
Nom inconnu - N/A | Vélos : 0 | Bornes : 0 | Adresse inconnue
Nom inconnu - N/A | Vélos : 0 | Bornes : 0 | Adresse inconnue
Nom inconnu - N/A | Vélos : 0 | Bornes : 0 | Adresse inconnue
Nom inconnu - N/A | Vélos : 0 | Bornes : 0 | Adresse inconnue
Nom inconnu - N/A | Vélos : 0 | Bornes : 0 | Adresse inconnue
Nom inconnu - N/A | Vélos : 0 | Bornes : 0 | Adresse inconnue
Nom inconnu - N/A | Vélos : 0 | Bornes : 0 | Adresse inconnue
Nom inconnu - N/A | Vélos : 0 | Bornes : 0 | Adresse inconnue
Nom inconnu - N/A | Vélos : 0 | Bornes : 0 | Adresse inconnue
Nom inconnu - N/A | Vélos : 0 | Bornes : 0 | Adresse inconnue
Nom inconnu - N/A | Vélos : 0 | Bornes : 0 | Adresse inconnue
Nom inconnu - N/A | Vélos : 0 | Bornes : 0 | Adresse inconnue
Nom inconnu - N/A | Vélos : 0 | Bornes : 0 | Adresse inconnue
Nom inconnu - N/A | Vélos : 0 | Bornes : 0 | Adresse inconnue
Nom inconnu - N/A | Vélos : 0 | Bornes : 0 | Adresse inconnue
Nom inconnu - N/A | Vélos : 0 | Bornes : 0 | Adresse inconnue
Nom inconnu - N/A | Vélos : 0 | Bornes : 0 | Adresse inconnue
Nom inconnu - N/A | Vélos : 0 | Bornes : 0 | Adresse inconnue
Nom inconnu - N/A | Vélos : 0 | Bornes : 0 | Adresse inconnue
Nom inconnu - N/A | Vélos : 0 | Bornes : 0 | Adresse inconnue
Nom inconnu - N/A | Vélos : 0 | Bornes : 0 | Adresse inconnue
Nom inconnu - N/A | Vélos : 0 | Bornes : 0 | Adresse inconnue
Nom inconnu - N/A | Vélos : 0 | Bornes : 0 | Adresse inconnue
Nom inconnu - N/A | Vélos : 0 | Bornes : 0 | Adresse inconnue
Nom inconnu - N/A | Vélos : 0 | Bornes : 0 | Adresse inconnue
Nom inconnu - N/A | Vélos : 0 | Bornes : 0 | Adresse inconnue
Nom inconnu - N/A | Vélos : 0 | Bornes : 0 | Adresse inconnue
Nom inconnu - N/A | Vélos : 0 | Bornes : 0 | Adresse inconnue
Nom inconnu - N/A | Vélos : 0 | Bornes : 0 | Adresse inconnue
Nom inconnu - N/A | Vélos : 0 | Bornes : 0 | Adresse inconnue
Nom inconnu - N/A | Vélos : 0 | Bornes : 0 | Adresse inconnue
Nom inconnu - N/A | Vélos : 0 | Bornes : 0 | Adresse inconnue
Nom inconnu - N/A | Vélos : 0 | Bornes : 0 | Adresse inconnue
Nom inconnu - N/A | Vélos : 0 | Bornes : 0 | Adresse inconnue
Nom inconnu - N/A | Vélos : 0 | Bornes : 0 | Adresse inconnue
Nom inconnu - N/A | Vélos : 0 | Bornes : 0 | Adresse inconnue
Nom inconnu - N/A | Vélos : 0 | Bornes : 0 | Adresse inconnue
Nom inconnu - N/A | Vélos : 0 | Bornes : 0 | Adresse inconnue
Nom inconnu - N/A | Vélos : 0 | Bornes : 0 | Adresse inconnue
Nom inconnu - N/A | Vélos : 0 | Bornes : 0 | Adresse inconnue
Nom inconnu - N/A | Vélos : 0 | Bornes : 0 | Adresse inconnue
Nom inconnu - N/A | Vélos : 0 | Bornes : 0 | Adresse inconnue
Nom inconnu - N/A | Vélos : 0 | Bornes : 0 | Adresse inconnue
Nom inconnu - N/A | Vélos : 0 | Bornes : 0 | Adresse inconnue
Nom inconnu - N/A | Vélos : 0 | Bornes : 0 | Adresse inconnue
Nom inconnu - N/A | Vélos : 0 | Bornes : 0 | Adresse inconnue
Nom inconnu - N/A | Vélos : 0 | Bornes : 0 | Adresse inconnue
Nom inconnu - N/A | Vélos : 0 | Bornes : 0 | Adresse inconnue
Nom inconnu - N/A | Vélos : 0 | Bornes : 0 | Adresse inconnue
Nom inconnu - N/A | Vélos : 0 | Bornes : 0 | Adresse inconnue
Nom inconnu - N/A | Vélos : 0 | Bornes : 0 | Adresse inconnue
Nom inconnu - N/A | Vélos : 0 | Bornes : 0 | Adresse inconnue
Nom inconnu - N/A | Vélos : 0 | Bornes : 0 | Adresse inconnue
Nom inconnu - N/A | Vélos : 0 | Bornes : 0 | Adresse inconnue
Nom inconnu - N/A | Vélos : 0 | Bornes : 0 | Adresse inconnue
Nom inconnu - N/A | Vélos : 0 | Bornes : 0 | Adresse inconnue
Nom inconnu - N/A | Vélos : 0 | Bornes : 0 | Adresse inconnue
Nom inconnu - N/A | Vélos : 0 | Bornes : 0 | Adresse inconnue
Nom inconnu - N/A | Vélos : 0 | Bornes : 0 | Adresse inconnue
Nom inconnu - N/A | Vélos : 0 | Bornes : 0 | Adresse inconnue
Nom inconnu - N/A | Vélos : 0 | Bornes : 0 | Adresse inconnue
Nom inconnu - N/A | Vélos : 0 | Bornes : 0 | Adresse inconnue
Nom inconnu - N/A | Vélos : 0 | Bornes : 0 | Adresse inconnue
Nom inconnu - N/A | Vélos : 0 | Bornes : 0 | Adresse inconnue
Nom inconnu - N/A | Vélos : 0 | Bornes : 0 | Adresse inconnue
Nom inconnu - N/A | Vélos : 0 | Bornes : 0 | Adresse inconnue
Nom inconnu - N/A | Vélos : 0 | Bornes : 0 | Adresse inconnue
Nom inconnu - N/A | Vélos : 0 | Bornes : 0 | Adresse inconnue
Nom inconnu - N/A | Vélos : 0 | Bornes : 0 | Adresse inconnue
Nom inconnu - N/A | Vélos : 0 | Bornes : 0 | Adresse inconnue
Nom inconnu - N/A | Vélos : 0 | Bornes : 0 | Adresse inconnue
Nom inconnu - N/A | Vélos : 0 | Bornes : 0 | Adresse inconnue
Nom inconnu - N/A | Vélos : 0 | Bornes : 0 | Adresse inconnue
Nom inconnu - N/A | Vélos : 0 | Bornes : 0 | Adresse inconnue
Nom inconnu - N/A | Vélos : 0 | Bornes : 0 | Adresse inconnue
Nom inconnu - N/A | Vélos : 0 | Bornes : 0 | Adresse inconnue
Nom inconnu - N/A | Vélos : 0 | Bornes : 0 | Adresse inconnue
Nom inconnu - N/A | Vélos : 0 | Bornes : 0 | Adresse inconnue
Nom inconnu - N/A | Vélos : 0 | Bornes : 0 | Adresse inconnue
Nom inconnu - N/A | Vélos : 0 | Bornes : 0 | Adresse inconnue
Nom inconnu - N/A | Vélos : 0 | Bornes : 0 | Adresse inconnue
Nom inconnu - N/A | Vélos : 0 | Bornes : 0 | Adresse inconnue
Nom inconnu - N/A | Vélos : 0 | Bornes : 0 | Adresse inconnue
Nom inconnu - N/A | Vélos : 0 | Bornes : 0 | Adresse inconnue
Nom inconnu - N/A | Vélos : 0 | Bornes : 0 | Adresse inconnue
Nom inconnu - N/A | Vélos : 0 | Bornes : 0 | Adresse inconnue
Nom inconnu - N/A | Vélos : 0 | Bornes : 0 | Adresse inconnue
Nom inconnu - N/A | Vélos : 0 | Bornes : 0 | Adresse inconnue
Nom inconnu - N/A | Vélos : 0 | Bornes : 0 | Adresse inconnue
Nom inconnu - N/A | Vélos : 0 | Bornes : 0 | Adresse inconnue
Nom inconnu - N/A | Vélos : 0 | Bornes : 0 | Adresse inconnue
Nom inconnu - N/A | Vélos : 0 | Bornes : 0 | Adresse inconnue
Nom inconnu - N/A | Vélos : 0 | Bornes : 0 | Adresse inconnue
Nom inconnu - N/A | Vélos : 0 | Bornes : 0 | Adresse inconnue
Nom inconnu - N/A | Vélos : 0 | Bornes : 0 | Adresse inconnue
Nom inconnu - N/A | Vélos : 0 | Bornes : 0 | Adresse inconnue
Nom inconnu - N/A | Vélos : 0 | Bornes : 0 | Adresse inconnue
Nom inconnu - N/A | Vélos : 0 | Bornes : 0 | Adresse inconnue
Nom inconnu - N/A | Vélos : 0 | Bornes : 0 | Adresse inconnue
Nom inconnu - N/A | Vélos : 0 | Bornes : 0 | Adresse inconnue
Nom inconnu - N/A | Vélos : 0 | Bornes : 0 | Adresse inconnue
Nom inconnu - N/A | Vélos : 0 | Bornes : 0 | Adresse inconnue
Nom inconnu - N/A | Vélos : 0 | Bornes : 0 | Adresse inconnue
Nom inconnu - N/A | Vélos : 0 | Bornes : 0 | Adresse inconnue
Nom inconnu - N/A | Vélos : 0 | Bornes : 0 | Adresse inconnue
Nom inconnu - N/A | Vélos : 0 | Bornes : 0 | Adresse inconnue
Nom inconnu - N/A | Vélos : 0 | Bornes : 0 | Adresse inconnue
Nom inconnu - N/A | Vélos : 0 | Bornes : 0 | Adresse inconnue
Nom inconnu - N/A | Vélos : 0 | Bornes : 0 | Adresse inconnue
Nom inconnu - N/A | Vélos : 0 | Bornes : 0 | Adresse inconnue
Nom inconnu - N/A | Vélos : 0 | Bornes : 0 | Adresse inconnue
Nom inconnu - N/A | Vélos : 0 | Bornes : 0 | Adresse inconnue
Nom inconnu - N/A | Vélos : 0 | Bornes : 0 | Adresse inconnue
Nom inconnu - N/A | Vélos : 0 | Bornes : 0 | Adresse inconnue
Nom inconnu - N/A | Vélos : 0 | Bornes : 0 | Adresse inconnue
Nom inconnu - N/A | Vélos : 0 | Bornes : 0 | Adresse inconnue
Nom inconnu - N/A | Vélos : 0 | Bornes : 0 | Adresse inconnue
Nom inconnu - N/A | Vélos : 0 | Bornes : 0 | Adresse inconnue
Nom inconnu - N/A | Vélos : 0 | Bornes : 0 | Adresse inconnue
Nom inconnu - N/A | Vélos : 0 | Bornes : 0 | Adresse inconnue
Nom inconnu - N/A | Vélos : 0 | Bornes : 0 | Adresse inconnue
Nom inconnu - N/A | Vélos : 0 | Bornes : 0 | Adresse inconnue
Nom inconnu - N/A | Vélos : 0 | Bornes : 0 | Adresse inconnue
Nom inconnu - N/A | Vélos : 0 | Bornes : 0 | Adresse inconnue
Nom inconnu - N/A | Vélos : 0 | Bornes : 0 | Adresse inconnue
Nom inconnu - N/A | Vélos : 0 | Bornes : 0 | Adresse inconnue
Nom inconnu - N/A | Vélos : 0 | Bornes : 0 | Adresse inconnue
Nom inconnu - N/A | Vélos : 0 | Bornes : 0 | Adresse inconnue
Nom inconnu - N/A | Vélos : 0 | Bornes : 0 | Adresse inconnue
Nom inconnu - N/A | Vélos : 0 | Bornes : 0 | Adresse inconnue
Nom inconnu - N/A | Vélos : 0 | Bornes : 0 | Adresse inconnue
Nom inconnu - N/A | Vélos : 0 | Bornes : 0 | Adresse inconnue
Nom inconnu - N/A | Vélos : 0 | Bornes : 0 | Adresse inconnue
Nom inconnu - N/A | Vélos : 0 | Bornes : 0 | Adresse inconnue
Nom inconnu - N/A | Vélos : 0 | Bornes : 0 | Adresse inconnue
Nom inconnu - N/A | Vélos : 0 | Bornes : 0 | Adresse inconnue
Nom inconnu - N/A | Vélos : 0 | Bornes : 0 | Adresse inconnue
Nom inconnu - N/A | Vélos : 0 | Bornes : 0 | Adresse inconnue
Nom inconnu - N/A | Vélos : 0 | Bornes : 0 | Adresse inconnue
Nom inconnu - N/A | Vélos : 0 | Bornes : 0 | Adresse inconnue
Nom inconnu - N/A | Vélos : 0 | Bornes : 0 | Adresse inconnue
Nom inconnu - N/A | Vélos : 0 | Bornes : 0 | Adresse inconnue
Nom inconnu - N/A | Vélos : 0 | Bornes : 0 | Adresse inconnue
Nom inconnu - N/A | Vélos : 0 | Bornes : 0 | Adresse inconnue
Nom inconnu - N/A | Vélos : 0 | Bornes : 0 | Adresse inconnue
Nom inconnu - N/A | Vélos : 0 | Bornes : 0 | Adresse inconnue
Nom inconnu - N/A | Vélos : 0 | Bornes : 0 | Adresse inconnue
Nom inconnu - N/A | Vélos : 0 | Bornes : 0 | Adresse inconnue
Nom inconnu - N/A | Vélos : 0 | Bornes : 0 | Adresse inconnue
Nom inconnu - N/A | Vélos : 0 | Bornes : 0 | Adresse inconnue
Nom inconnu - N/A | Vélos : 0 | Bornes : 0 | Adresse inconnue
Nom inconnu - N/A | Vélos : 0 | Bornes : 0 | Adresse inconnue
Nom inconnu - N/A | Vélos : 0 | Bornes : 0 | Adresse inconnue
Nom inconnu - N/A | Vélos : 0 | Bornes : 0 | Adresse inconnue
Nom inconnu - N/A | Vélos : 0 | Bornes : 0 | Adresse inconnue
Nom inconnu - N/A | Vélos : 0 | Bornes : 0 | Adresse inconnue
Nom inconnu - N/A | Vélos : 0 | Bornes : 0 | Adresse inconnue
Nom inconnu - N/A | Vélos : 0 | Bornes : 0 | Adresse inconnue
Nom inconnu - N/A | Vélos : 0 | Bornes : 0 | Adresse inconnue
Nom inconnu - N/A | Vélos : 0 | Bornes : 0 | Adresse inconnue
Nom inconnu - N/A | Vélos : 0 | Bornes : 0 | Adresse inconnue
Nom inconnu - N/A | Vélos : 0 | Bornes : 0 | Adresse inconnue
Nom inconnu - N/A | Vélos : 0 | Bornes : 0 | Adresse inconnue
Nom inconnu - N/A | Vélos : 0 | Bornes : 0 | Adresse inconnue
Nom inconnu - N/A | Vélos : 0 | Bornes : 0 | Adresse inconnue
Nom inconnu - N/A | Vélos : 0 | Bornes : 0 | Adresse inconnue
Nom inconnu - N/A | Vélos : 0 | Bornes : 0 | Adresse inconnue
Nom inconnu - N/A | Vélos : 0 | Bornes : 0 | Adresse inconnue
Nom inconnu - N/A | Vélos : 0 | Bornes : 0 | Adresse inconnue
Nom inconnu - N/A | Vélos : 0 | Bornes : 0 | Adresse inconnue
Nom inconnu - N/A | Vélos : 0 | Bornes : 0 | Adresse inconnue
Nom inconnu - N/A | Vélos : 0 | Bornes : 0 | Adresse inconnue
Nom inconnu - N/A | Vélos : 0 | Bornes : 0 | Adresse inconnue
Nom inconnu - N/A | Vélos : 0 | Bornes : 0 | Adresse inconnue
Nom inconnu - N/A | Vélos : 0 | Bornes : 0 | Adresse inconnue
Nom inconnu - N/A | Vélos : 0 | Bornes : 0 | Adresse inconnue
Nom inconnu - N/A | Vélos : 0 | Bornes : 0 | Adresse inconnue
Nom inconnu - N/A | Vélos : 0 | Bornes : 0 | Adresse inconnue
Nom inconnu - N/A | Vélos : 0 | Bornes : 0 | Adresse inconnue
Nom inconnu - N/A | Vélos : 0 | Bornes : 0 | Adresse inconnue
Nom inconnu - N/A | Vélos : 0 | Bornes : 0 | Adresse inconnue
Nom inconnu - N/A | Vélos : 0 | Bornes : 0 | Adresse inconnue
Nom inconnu - N/A | Vélos : 0 | Bornes : 0 | Adresse inconnue
Nom inconnu - N/A | Vélos : 0 | Bornes : 0 | Adresse inconnue
Nom inconnu - N/A | Vélos : 0 | Bornes : 0 | Adresse inconnue
Nom inconnu - N/A | Vélos : 0 | Bornes : 0 | Adresse inconnue
Nom inconnu - N/A | Vélos : 0 | Bornes : 0 | Adresse inconnue
Nom inconnu - N/A | Vélos : 0 | Bornes : 0 | Adresse inconnue
Nom inconnu - N/A | Vélos : 0 | Bornes : 0 | Adresse inconnue
Nom inconnu - N/A | Vélos : 0 | Bornes : 0 | Adresse inconnue
Nom inconnu - N/A | Vélos : 0 | Bornes : 0 | Adresse inconnue
Nom inconnu - N/A | Vélos : 0 | Bornes : 0 | Adresse inconnue
Nom inconnu - N/A | Vélos : 0 | Bornes : 0 | Adresse inconnue
Nom inconnu - N/A | Vélos : 0 | Bornes : 0 | Adresse inconnue
Nom inconnu - N/A | Vélos : 0 | Bornes : 0 | Adresse inconnue
Nom inconnu - N/A | Vélos : 0 | Bornes : 0 | Adresse inconnue
Nom inconnu - N/A | Vélos : 0 | Bornes : 0 | Adresse inconnue
Nom inconnu - N/A | Vélos : 0 | Bornes : 0 | Adresse inconnue
Nom inconnu - N/A | Vélos : 0 | Bornes : 0 | Adresse inconnue
Nom inconnu - N/A | Vélos : 0 | Bornes : 0 | Adresse inconnue
Nom inconnu - N/A | Vélos : 0 | Bornes : 0 | Adresse inconnue
Nom inconnu - N/A | Vélos : 0 | Bornes : 0 | Adresse inconnue
Nom inconnu - N/A | Vélos : 0 | Bornes : 0 | Adresse inconnue
Nom inconnu - N/A | Vélos : 0 | Bornes : 0 | Adresse inconnue
Nom inconnu - N/A | Vélos : 0 | Bornes : 0 | Adresse inconnue
Nom inconnu - N/A | Vélos : 0 | Bornes : 0 | Adresse inconnue
Nom inconnu - N/A | Vélos : 0 | Bornes : 0 | Adresse inconnue
Nom inconnu - N/A | Vélos : 0 | Bornes : 0 | Adresse inconnue
Nom inconnu - N/A | Vélos : 0 | Bornes : 0 | Adresse inconnue
Nom inconnu - N/A | Vélos : 0 | Bornes : 0 | Adresse inconnue
Nom inconnu - N/A | Vélos : 0 | Bornes : 0 | Adresse inconnue
Nom inconnu - N/A | Vélos : 0 | Bornes : 0 | Adresse inconnue
Nom inconnu - N/A | Vélos : 0 | Bornes : 0 | Adresse inconnue
Nom inconnu - N/A | Vélos : 0 | Bornes : 0 | Adresse inconnue
Nom inconnu - N/A | Vélos : 0 | Bornes : 0 | Adresse inconnue
Nom inconnu - N/A | Vélos : 0 | Bornes : 0 | Adresse inconnue
Nom inconnu - N/A | Vélos : 0 | Bornes : 0 | Adresse inconnue
Nom inconnu - N/A | Vélos : 0 | Bornes : 0 | Adresse inconnue
Nom inconnu - N/A | Vélos : 0 | Bornes : 0 | Adresse inconnue
Nom inconnu - N/A | Vélos : 0 | Bornes : 0 | Adresse inconnue
Nom inconnu - N/A | Vélos : 0 | Bornes : 0 | Adresse inconnue
Nom inconnu - N/A | Vélos : 0 | Bornes : 0 | Adresse inconnue
Nom inconnu - N/A | Vélos : 0 | Bornes : 0 | Adresse inconnue
Nom inconnu - N/A | Vélos : 0 | Bornes : 0 | Adresse inconnue
Nom inconnu - N/A | Vélos : 0 | Bornes : 0 | Adresse inconnue
Nom inconnu - N/A | Vélos : 0 | Bornes : 0 | Adresse inconnue
Nom inconnu - N/A | Vélos : 0 | Bornes : 0 | Adresse inconnue
Nom inconnu - N/A | Vélos : 0 | Bornes : 0 | Adresse inconnue
Nom inconnu - N/A | Vélos : 0 | Bornes : 0 | Adresse inconnue
Nom inconnu - N/A | Vélos : 0 | Bornes : 0 | Adresse inconnue
Nom inconnu - N/A | Vélos : 0 | Bornes : 0 | Adresse inconnue
Nom inconnu - N/A | Vélos : 0 | Bornes : 0 | Adresse inconnue
